﻿<?xml version="1.0" encoding="utf-8" ?>
<manifest xmlns="http://schemas.microsoft.com/wlw/manifest/weblog">
    <options>
        <clientType>MetaWeblog</clientType>
        <supportsKeywords>Yes</supportsKeywords>
        <supportsGetTags>Yes</supportsGetTags>
        <supportsEmbeds>Yes</supportsEmbeds>
        <supportsNewCategories>Yes</supportsNewCategories>
        <supportsNewCategoriesInline>Yes</supportsNewCategoriesInline>
        <supportsHierarchicalCategories>Yes</supportsHierarchicalCategories>
        <supportsCommentPolicy>Yes</supportsCommentPolicy>
        <supportsPingPolicy>Yes</supportsPingPolicy>
        <supportsTrackbacks>Yes</supportsTrackbacks>
        <supportsExtendedEntries>Yes</supportsExtendedEntries>
        <supportsCustomDate>Yes</supportsCustomDate>
        <supportsSlug>Yes</supportsSlug>
        <supportsExcerpt>Yes</supportsExcerpt>
        <supportsPages>Yes</supportsPages>
        <supportsPageParent>Yes</supportsPageParent>
        <supportsAuthor>No</supportsAuthor>
        <characterSet>UTF-8</characterSet>
        <requiresHtmlTitles>No</requiresHtmlTitles>
    </options>
    <weblog>
        <ServiceName>DotNetAge</ServiceName>
        <imageUrl>content/images/dna.png</imageUrl>
        <watermarkImageUrl>content/images/dna.png</watermarkImageUrl>
        <postEditingUrl><![CDATA[http://localhost:37088/blogapi]]></postEditingUrl>
        <homepageLinkText>View site</homepageLinkText>
        <adminLinkText>My console</adminLinkText>
        <adminUrl><![CDATA[http://localhost:37088/Account/LogOn]]></adminUrl>
    </weblog>
  <views>
    <defalut>WebLayout</defalut>
    <view type="WebPreview" src=""></view>
    <view type="WebLayout" src=""></view>
  </views>
    <buttons/>
</manifest>