﻿<?xml version="1.0" encoding="utf-8" ?>
<package  xmlns="http://www.dotnetage.com/XML/Schema/package">
  <author  name="Ray"  organzation="DotNetAge"  href="http://www.dotnetage.com"  email="csharp2002@hotmail.com" />
  <name>Community</name>
  <description>
    <![CDATA[    
      The community template helping you to create a forums.The key features of this template:
     <ul class="doc-list">
       <li>Supports all features of DotNetAge.</li>
       <li>Supports WYSAWYG rich content editing.</li>
       <li>Supports BBCode and Html post format.</li>
       <li>Supports New/Edit/Delete/Move/Reply/Quote post.</li>
       <li>Supports attachments</li>
       <li>Supports real time theme editing.</li>
       <li>Supports hierarchical forum structure.</li>
       <li>Supports moderate threads.</li>
       <li>Supports moderate forums and groups.</li>
       <li>Supports ranking.</li>
    </ul>
    ]]>
  </description>
  <version>
    <build>2.0.0</build>
    <notes>This relase is update is comes load with DotNetAge 2.</notes>
  </version>
  <published>2011-03-04T00:00:00</published>
  <links>
    <link title="Support link" href="http://www.dotnetage.com/community/forum" />
  </links>
  <licenses>
    <license name="MIT" href="http://www.opensource.org/licenses/mit-license.php" />
    <license name="GPLv2" href="http://www.gnu.org/licenses/gpl.html" />
  </licenses>
  <images>
    <img title="Community site preview" src="preview.jpg" default="true" />
  </images>
  <installers>
    <uiInstaller src="install.template">
      <param tag="name" scope="runtime"/>
      <param match="{website}" tag="name" scope="file"/>
      <param match="{website-title}" tag="title" scope="file" />
      <param match="{website-desc}" tag="description" scope="file" />
    </uiInstaller>
    <sqlInstaller src="install.sql" connectionStringName="ApplicationServices" />
    <configInstaller file="web.config">
      <install>
        <node path="/configuration/dna/deploy" action="Update" key="enablePersonalWeb" value="false"/>
      </install>
    </configInstaller>
  </installers>
</package>
