﻿<?xml version="1.0" encoding="utf-8" ?>
<package xmlns="http://www.dotnetage.com/XML/Schema/package">
  <author  name="Ray"  organzation="DotNetAge"  href="http://www.dotnetage.com"  email="csharp2002@hotmail.com" />
  <description>
    The core template only install the DotNetAge core ( including personal web site, publising application plugin and community application plugin) but do not initizial any data.You must customize the pages,features and content by manual.
  </description>
  <name>Core</name>
  <version>
    <build>2.0.0</build>
    <notes>This relase is update is comes load with DotNetAge 2.</notes>
  </version>
  <published>2011-03-04T00:00:00</published>
  <licenses>
    <license name="MIT" href="http://www.opensource.org/licenses/mit-license.php" />
    <license name="GPLv2" href="http://www.gnu.org/licenses/gpl.html" />
  </licenses>
  <links>
    <link title="Support link" href="http://www.dotnetage.com/community/forum" />
  </links>
  <images>
    <img title="DotNetAge core preview" src="preview.png" default="true" />
  </images>
  <installers>
    <uiInstaller src="install.template">
      <param tag="name" scope="runtime"/>
      <param match="{website}" tag="name" scope="file"/>
      <param match="{website-title}" tag="title" scope="file" />
      <param match="{website-desc}" tag="description" scope="file" />
    </uiInstaller>
    <configInstaller file="web.config">
      <install>
        <node path="/configuration/dna/deploy" action="Update" key="enablePersonalWeb" value="true"/>
      </install>
    </configInstaller>
  </installers>
</package>
