<?xml version="1.0" encoding="utf-8" ?>
<books>
  <book>
    <id>0001</id>
    <title>AJAX In Action</title>
    <imageUrl>~/Images/crane.jpg</imageUrl>
  </book>
  <book>
    <id>0002</id>
    <title>Web Parts In Action</title>
    <imageUrl>~/Images/neimke.jpg</imageUrl>
  </book>
  <book>
    <id>0003</id>
    <title>Groovy In Action</title>
    <imageUrl>~/Images/koenig.jpg</imageUrl>
  </book>
  <book>
    <id>0004</id>
    <title>ASP.NET AJAX In Action</title>
    <imageUrl>~/Images/gallo.jpg</imageUrl>
  </book>
</books>
