﻿<?xml version="1.0" encoding="utf-8" ?>
<package xmlns="http://www.dotnetage.com/XML/Schema/package">
  <author  name="Ray"  organzation="DotNetAge"  href="http://www.dotnetage.com"  email="csharp2002@hotmail.com" />
  <description>The Enterprise portal template can help you to create a full features portal for your enterprise that allows your stuffs create their peronsonal
   web site,create the forums for enterprise.
  </description>
  <name>Enterprise</name>
  <version>
    <build>2.0.0</build>
    <notes>This relase is update is comes load with DotNetAge 2.</notes>
  </version>
  <published>2011-03-04T00:00:00</published>
  <licenses>
    <license name="MIT" href="http://www.opensource.org/licenses/mit-license.php" />
    <license name="GPLv2" href="http://www.gnu.org/licenses/gpl.html" />
  </licenses>
  <images>
    <img title="enterprise portal preview" src="preview.jpg" default="true" />
  </images>
  <links>
    <link title="Support link" href="http://www.dotnetage.com/community/forum" />
  </links>
  <installers>
    <uiInstaller src="install.template">
      <param tag="name" scope="runtime"/>
      <param match="{website}" tag="name" scope="file"/>
      <param match="{website-title}" tag="title" scope="file" />
      <param match="{website-desc}" tag="description" scope="file" />
      <param match="{appPath}" tag="appPath" scope="file"/>
    </uiInstaller>
    <sqlInstaller src="install.sql" connectionStringName="ApplicationServices" />
    <fileInstaller destination="{public}/images/" >
      <folder>
        <file name="about_t.jpg" />
        <file name="home_min_banner.jpg" />
        <file name="home_your_card.jpg" />
        <file name="man.jpg" />
        <file name="shakehands.jpg" />
      </folder>
    </fileInstaller>
    <configInstaller file="web.config">
      <install>
        <node path="/configuration/dna/deploy" action="Update" key="enablePersonalWeb" value="true"/>
      </install>
    </configInstaller>
  </installers>
</package>
