﻿<?xml version="1.0" encoding="utf-8" ?>
<package xmlns="http://www.dotnetage.com/XML/Schema/package">
  <author  name="Ray"  organzation="DotNetAge"  href="http://www.dotnetage.com"  email="csharp2002@hotmail.com" />
  <description>
  <![CDATA[    
    The blog template helping you to create a full features blog site.The key features of this template:
     <ul class="doc-list">
       <li>Supports all features of DotNetAge.</li>
       <li>Supports WYSAWYG rich content editing.</li>
       <li>Supports Wiki and Html post format.</li>
       <li>Supports Pingback and Trackback.</li>
       <li>Supports real time theme editing.</li>
       <li>Supports multiple post categories</li>
       <li>Supports tags.</li>
       <li>Supports friendly url auto generation.</li>
       <li>Offers 13 widgets for you to custom your blog UI such as Archives, BlogRoll, Category Navigator, PostBoll, TagCloud and more.</li>
    </ul>
    ]]>
  </description>
  <name>Blog</name>
  <version>
    <build>2.0.0</build>
    <notes>
      This release is for DotNetAge 2.
    </notes>
  </version>
  <published>2011-03-04T00:00:00</published>
  <licenses>
    <license name="MIT" href="http://www.opensource.org/licenses/mit-license.php" />
    <license name="GPLv2" href="http://www.gnu.org/licenses/gpl.html" />
  </licenses>
  <images>
    <img title="Blog site preview" src="preview.jpg" default="true" />
  </images>
  <links>
    <link title="Support link" href="http://www.dotnetage.com/community/forum" />
  </links>
  <installers>
    <uiInstaller src="install.template">
      <param tag="name" scope="runtime"/>
      <param match="{website}" tag="name" scope="file"/>
      <param match="{website-title}" tag="title" scope="file" />
      <param match="{website-desc}" tag="description" scope="file" />
    </uiInstaller>
    <sqlInstaller src="install.sql" connectionStringName="ApplicationServices">
      <param match="{website}" tag="name" scope="file"/>
      <param match="{website-title}" tag="title" scope="file" />
      <param match="{website-desc}" tag="description" scope="file" />
    </sqlInstaller>
    <configInstaller file="web.config">
      <install>
        <node path="/configuration/dna/deploy" action="Update" key="enablePersonalWeb" value="false"/>
      </install>
    </configInstaller>
  </installers>
</package>
